{
    "inflection_points": [
        [
            -0.34999999999957865,
            -0.32309374999966084
        ],
        [
            0.6500000000004356,
            -2.593093750003199
        ]
    ],
    "local_minima": [
        [
            -0.39999999999957936,
            -0.3519999999998654
        ],
        [
            1.2000000000004434,
            -5.471999999999575
        ]
    ],
    "local_maxima": [
        [
            4.263256414560601e-13,
            -9.08767762814993e-25
        ]
    ],
    "global_min": [
        1.2000000000004434,
        -5.471999999999575
    ],
    "global_max": [
        4.263256414560601e-13,
        -9.08767762814993e-25
    ]
}