Heart_Rate,Duration
88.8,1.05
103.4,1.1833333
44.3,9.1333333
99.8,1.4833333
78,2.7166667
32.3,10.866667
42.1,6.05
81,2
44.5,6.3666667
47.8,10.033333
45.5,10.5
49.1,5.1333333
91.1,2.8333333
34,9.0333333
48.6,7.4666667
52.5,6.9333333
67.2,3.7333333
55.4,6.2499667
48.3,10.84995
54.9,8.8332833
37.7,14.48325
40.3,10.5166
78.5,1.4643667
67.8,1.9333167
30.3,14.149933
76.6,2.5333167
34.3,10.683267
36.3,9.8166
39,5.8166333
24.2,10.3666
46.8,11.816667
50.6,10.783333
48.4,11.533333
50.8,8.2166667
